{
  "project_info": {
    "project_number": "845417679765",
    "firebase_url": "https://disciplinamobile.firebaseio.com",
    "project_id": "disciplinamobile",
    "storage_bucket": "disciplinamobile.appspot.com"
  },
  "client": [
    {
      "client_info": {
        "mobilesdk_app_id": "1:845417679765:android:7511e30b8944949164c49c",
        "android_client_info": {
          "package_name": "com.example.projetoautenticaokotlin"
        }
      },
      "oauth_client": [
        {
          "client_id": "845417679765-ic6evtuedsjhfuinjseikodr63qq7gcf.apps.googleusercontent.com",
          "client_type": 3
        }
      ],
      "api_key": [
        {
          "current_key": "AIzaSyD6qpNX8ZMpyCAFsY8rr4BqtvAH-6im4gA"
        },
        {
          "current_key": "AIzaSyD6qpNX8ZMpyCAFsY8rr4BqtvAH-6im4gA"
        }
      ],
      "services": {
        "appinvite_service": {
          "other_platform_oauth_client": [
            {
              "client_id": "845417679765-ic6evtuedsjhfuinjseikodr63qq7gcf.apps.googleusercontent.com",
              "client_type": 3
            }
          ]
        }
      }
    },
    {
      "client_info": {
        "mobilesdk_app_id": "1:845417679765:android:976fb96e9dea470564c49c",
        "android_client_info": {
          "package_name": "com.example.projetoautenticaon12"
        }
      },
      "oauth_client": [
        {
          "client_id": "845417679765-g9iepe04n8s4aj0sres6eq80fktomhlp.apps.googleusercontent.com",
          "client_type": 1,
          "android_info": {
            "package_name": "com.example.projetoautenticaon12",
            "certificate_hash": "0a99e26aaf8f8fec934ceb729a86d9c1111c328e"
          }
        },
        {
          "client_id": "845417679765-ic6evtuedsjhfuinjseikodr63qq7gcf.apps.googleusercontent.com",
          "client_type": 3
        }
      ],
      "api_key": [
        {
          "current_key": "AIzaSyD6qpNX8ZMpyCAFsY8rr4BqtvAH-6im4gA"
        },
        {
          "current_key": "AIzaSyD6qpNX8ZMpyCAFsY8rr4BqtvAH-6im4gA"
        }
      ],
      "services": {
        "appinvite_service": {
          "other_platform_oauth_client": [
            {
              "client_id": "845417679765-ic6evtuedsjhfuinjseikodr63qq7gcf.apps.googleusercontent.com",
              "client_type": 3
            }
          ]
        }
      }
    }
  ],
  "configuration_version": "1"
}