{
  "project_info": {
    "project_number": "51885243876",
    "firebase_url": "https://projetoexemplofirebase.firebaseio.com",
    "project_id": "projetoexemplofirebase",
    "storage_bucket": "projetoexemplofirebase.appspot.com"
  },
  "client": [
    {
      "client_info": {
        "mobilesdk_app_id": "1:51885243876:android:fe9686a9c922986d",
        "android_client_info": {
          "package_name": "com.example.emersonalencar.projetoexemplodatabase"
        }
      },
      "oauth_client": [
        {
          "client_id": "51885243876-vi357jp3t89frac38dgig7b2ll6v9k32.apps.googleusercontent.com",
          "client_type": 1,
          "android_info": {
            "package_name": "com.example.emersonalencar.projetoexemplodatabase",
            "certificate_hash": "0a99e26aaf8f8fec934ceb729a86d9c1111c328e"
          }
        },
        {
          "client_id": "51885243876-9esjls7d94itivmampaoi1uchpbofa4o.apps.googleusercontent.com",
          "client_type": 3
        }
      ],
      "api_key": [
        {
          "current_key": "AIzaSyAQ6am6ZD6-hTHLTrSUeakOfcZMX4OvCaw"
        }
      ],
      "services": {
        "appinvite_service": {
          "other_platform_oauth_client": [
            {
              "client_id": "51885243876-9esjls7d94itivmampaoi1uchpbofa4o.apps.googleusercontent.com",
              "client_type": 3
            }
          ]
        }
      }
    },
    {
      "client_info": {
        "mobilesdk_app_id": "1:51885243876:android:1b8b4fc0f7372a66",
        "android_client_info": {
          "package_name": "com.example.emersonalencar.projetoexemplofirebase"
        }
      },
      "oauth_client": [
        {
          "client_id": "51885243876-ltbh3lk1e4fr9eah6gf4rtcnr1o0h4ei.apps.googleusercontent.com",
          "client_type": 1,
          "android_info": {
            "package_name": "com.example.emersonalencar.projetoexemplofirebase",
            "certificate_hash": "0a99e26aaf8f8fec934ceb729a86d9c1111c328e"
          }
        },
        {
          "client_id": "51885243876-9esjls7d94itivmampaoi1uchpbofa4o.apps.googleusercontent.com",
          "client_type": 3
        }
      ],
      "api_key": [
        {
          "current_key": "AIzaSyAQ6am6ZD6-hTHLTrSUeakOfcZMX4OvCaw"
        }
      ],
      "services": {
        "appinvite_service": {
          "other_platform_oauth_client": [
            {
              "client_id": "51885243876-9esjls7d94itivmampaoi1uchpbofa4o.apps.googleusercontent.com",
              "client_type": 3
            }
          ]
        }
      }
    },
    {
      "client_info": {
        "mobilesdk_app_id": "1:51885243876:android:ce2267a8144aae39",
        "android_client_info": {
          "package_name": "com.example.emersonalencar.projetoexemplofirebasefoto"
        }
      },
      "oauth_client": [
        {
          "client_id": "51885243876-3fu3hm6530pdueopiqd9b3uek83kuvlb.apps.googleusercontent.com",
          "client_type": 1,
          "android_info": {
            "package_name": "com.example.emersonalencar.projetoexemplofirebasefoto",
            "certificate_hash": "0a99e26aaf8f8fec934ceb729a86d9c1111c328e"
          }
        },
        {
          "client_id": "51885243876-9esjls7d94itivmampaoi1uchpbofa4o.apps.googleusercontent.com",
          "client_type": 3
        }
      ],
      "api_key": [
        {
          "current_key": "AIzaSyAQ6am6ZD6-hTHLTrSUeakOfcZMX4OvCaw"
        }
      ],
      "services": {
        "appinvite_service": {
          "other_platform_oauth_client": [
            {
              "client_id": "51885243876-9esjls7d94itivmampaoi1uchpbofa4o.apps.googleusercontent.com",
              "client_type": 3
            }
          ]
        }
      }
    },
    {
      "client_info": {
        "mobilesdk_app_id": "1:51885243876:android:8a2da5646da78026",
        "android_client_info": {
          "package_name": "com.example.emersonalencar.projetoreposio"
        }
      },
      "oauth_client": [
        {
          "client_id": "51885243876-5in961c3jd5uund6caf1r6jcvnrnt3b2.apps.googleusercontent.com",
          "client_type": 1,
          "android_info": {
            "package_name": "com.example.emersonalencar.projetoreposio",
            "certificate_hash": "0a99e26aaf8f8fec934ceb729a86d9c1111c328e"
          }
        },
        {
          "client_id": "51885243876-9esjls7d94itivmampaoi1uchpbofa4o.apps.googleusercontent.com",
          "client_type": 3
        }
      ],
      "api_key": [
        {
          "current_key": "AIzaSyAQ6am6ZD6-hTHLTrSUeakOfcZMX4OvCaw"
        }
      ],
      "services": {
        "appinvite_service": {
          "other_platform_oauth_client": [
            {
              "client_id": "51885243876-9esjls7d94itivmampaoi1uchpbofa4o.apps.googleusercontent.com",
              "client_type": 3
            }
          ]
        }
      }
    },
    {
      "client_info": {
        "mobilesdk_app_id": "1:51885243876:android:e1cb6aabefd66fa6f0dbf1",
        "android_client_info": {
          "package_name": "ufrn.imd.exemplofirebasecrudn12"
        }
      },
      "oauth_client": [
        {
          "client_id": "51885243876-9esjls7d94itivmampaoi1uchpbofa4o.apps.googleusercontent.com",
          "client_type": 3
        }
      ],
      "api_key": [
        {
          "current_key": "AIzaSyAQ6am6ZD6-hTHLTrSUeakOfcZMX4OvCaw"
        }
      ],
      "services": {
        "appinvite_service": {
          "other_platform_oauth_client": [
            {
              "client_id": "51885243876-9esjls7d94itivmampaoi1uchpbofa4o.apps.googleusercontent.com",
              "client_type": 3
            }
          ]
        }
      }
    }
  ],
  "configuration_version": "1"
}