{
  "project_info": {
    "project_number": "845417679765",
    "firebase_url": "https://disciplinamobile.firebaseio.com",
    "project_id": "disciplinamobile",
    "storage_bucket": "disciplinamobile.appspot.com"
  },
  "client": [
    {
      "client_info": {
        "mobilesdk_app_id": "1:845417679765:android:d190485bfab54cc164c49c",
        "android_client_info": {
          "package_name": "com.example.projetoautenticaon12"
        }
      },
      "oauth_client": [
        {
          "client_id": "845417679765-ic6evtuedsjhfuinjseikodr63qq7gcf.apps.googleusercontent.com",
          "client_type": 3
        }
      ],
      "api_key": [
        {
          "current_key": "AIzaSyD6qpNX8ZMpyCAFsY8rr4BqtvAH-6im4gA"
        }
      ],
      "services": {
        "appinvite_service": {
          "other_platform_oauth_client": [
            {
              "client_id": "845417679765-ic6evtuedsjhfuinjseikodr63qq7gcf.apps.googleusercontent.com",
              "client_type": 3
            }
          ]
        }
      }
    }
  ],
  "configuration_version": "1"
}